epochs,accuracy,precision,recall,f1-score
16.0,0.17,0.11446353461182006,0.20647305320037684,0.12002182030202153
32.0,0.3466666666666667,0.4461645011165512,0.3595160791589363,0.2867924346168931
64.0,0.4766666666666667,0.6287697234802687,0.4703854748241961,0.4346553705634493
