epochs,accuracy,precision,recall,f1-score
48,0.8216666666666667,0.8260403867193589,0.8208945068137851,0.8208145231737347
